ticket_id,price,square,rooms,studio,floor,floors_total,building_year,metro,metro_dist,time_to_metro,address,keep,photo,url
12146164.0,28970000,47.0,1,False,5,8.0,2027.0,метро Добрынинская,1500.0,23.0,"Москва, Даниловский, Дубининская 59 корпус 2",Не указано,https://cdn.esoft.digital/content/cluster/ecoobjects26/03/16/0196606ab1d1b463f419285c6b4a96ba27eec716.jpeg,https://msk.etagi.com/realty/12146164/
12137437.0,20000000,40.0,1,False,4,22.0,2025.0,метро Народное Ополчение,600.0,9.0,"Москва, Хорошёво-Мнёвники, Демьяна Бедного 22а",Не указано,https://cdn.esoft.digital/content/cluster/ecoobjects26/03/0a/ce4cf48764e368e982d438bb5a59ac9d0e444a0a.jpeg,https://msk.etagi.com/realty/12137437/
12117088.0,53500000,95.2,4,False,20,42.0,2025.0,метро Мичуринский проспект,600.0,9.0,"Москва, Очаково-Матвеевское, Озёрная 1 корпус 1",Не указано,https://cdn.esoft.digital/content/cluster/ecoobjects26/03/5f/27350a71d70b552adf19aca30adebadcc8c0a15f.jpeg,https://msk.etagi.com/realty/12117088/
12115044.0,47000000,63.7,3,False,8,17.0,2025.0,метро Бауманская,500.0,8.0,"Москва, Басманный, Малая Почтовая 12",Не указано,https://cdn.esoft.digital/content/cluster/ecoobjects26/03/c5/45c665ec0665a318a93627388169fd3d348e8fc5.jpeg,https://msk.etagi.com/realty/12115044/
12106305.0,11583222,20.0,0,True,6,33.0,2025.0,станция Дегунино,900.0,14.0,"Москва, Алтуфьевский, Алтуфьевское шоссе 55 корпус 4",Не указано,https://cdn.esoft.digital/content/cluster/ecoobjects26/03/e1/440cc2c70303048cd601d705bc3605b96e1ac9e1.jpeg,https://msk.etagi.com/realty/12106305/
12184143.0,36500000,74.7,3,False,57,59.0,2028.0,метро Давыдково,1000.0,15.0,"Москва, Можайский, Верейская 29с34",Не указано,,https://msk.etagi.com/realty/12184143/
12183786.0,25000000,43.2,2,False,19,19.0,2025.0,,,,"Москва, Савёловский, Старый Петровско-Разумовский проезд 1",Не указано,,https://msk.etagi.com/realty/12183786/
,59089000,82.61,3,False,16,28.0,2025.0,метро Нагатинская,300.0,5.0,"Москва, Нагатино-Садовники, Нагатинская к2вл1",Не указано,https://cdn.esoft.digital/content/cluster/layouts26/03/c8/f376f1038dc040459421a8ab0a92f493636860c8.jpeg,
12089850.0,18950000,38.7,1,False,49,53.0,2025.0,станция Трикотажная,300.0,5.0,"Москва, Покровское-Стрешнево, Волоколамское шоссе 97",Не указано,https://cdn.esoft.digital/content/cluster/ecoobjects26/03/22/0e2e326569a4cc3606a0492bea83f22a81844622.jpeg,https://msk.etagi.com/realty/12089850/
12088802.0,15800000,24.0,0,True,27,31.0,2025.0,метро Верхние Лихоборы,400.0,6.0,"Москва, Западное Дегунино, Дмитровское шоссе 75/77",Не указано,https://cdn.esoft.digital/content/cluster/ecoobjects26/03/28/8943df046d90645ff128548ec27c8d3fc4606028.jpeg,https://msk.etagi.com/realty/12088802/
12080061.0,29200000,43.0,1,False,3,21.0,2025.0,метро Терехово,700.0,11.0,"Москва, Хорошёво-Мнёвники, Нижние Мнёвники 7",Не указано,https://cdn.esoft.digital/content/cluster/ecoobjects26/03/9a/52650fbf5ee0d1ebac68bab5cf32ea874140979a.jpeg,https://msk.etagi.com/realty/12080061/
12066244.0,13900000,26.2,0,True,21,21.0,2025.0,метро Волгоградский проспект,200.0,3.0,"Москва, Южнопортовый, Новоостаповская 20 корпус 7",Не указано,https://cdn.esoft.digital/content/cluster/ecoobjects26/03/2f/7e430ab5881025e2bc5038dd68653f2c6294642f.jpeg,https://msk.etagi.com/realty/12066244/
12061092.0,24900000,59.2,2,False,5,22.0,2025.0,станция Останкино,400.0,6.0,"Москва, Марфино, Академика Королёва 23",Не указано,https://cdn.esoft.digital/content/cluster/ecoobjects26/03/20/f7aee6a13ef6fe811a55741031dca0046c979e20.jpeg,https://msk.etagi.com/realty/12061092/
12056194.0,35000000,58.0,2,False,3,15.0,2025.0,метро Нагорная,600.0,9.0,"Москва, Котловка, Ремизова 11 корпус 2",Не указано,https://cdn.esoft.digital/content/cluster/ecoobjects26/03/01/f812220c613f6fb9b8ed18a78ac4fc395b278001.jpeg,https://msk.etagi.com/realty/12056194/
12047476.0,46850000,79.5,2,False,2,7.0,2025.0,метро Павелецкая,700.0,11.0,"Москва, Замоскворечье, Летниковская 6 корпус 2",Не указано,https://cdn.esoft.digital/content/cluster/ecoobjects26/03/f2/a8e8d899f2ab1a9f6982e339094b43ca5270f6f2.jpeg,https://msk.etagi.com/realty/12047476/
12046974.0,51000000,78.0,2,False,26,51.0,2025.0,метро Мичуринский проспект,700.0,11.0,"Москва, Раменки, Василия Ланового 6 корпус 2",Не указано,https://cdn.esoft.digital/content/cluster/ecoobjects26/03/3b/8014e723cf9d99c7bebbee7b090e93703273b63b.jpeg,https://msk.etagi.com/realty/12046974/
12041833.0,27000000,65.1,2,False,22,30.0,2025.0,метро Тушинская,1400.0,21.0,"Москва, Покровское-Стрешнево, Строительный проезд 9",Не указано,https://cdn.esoft.digital/content/cluster/ecoobjects26/03/93/47e8fc812687725e700ce90631cf3105ddae7f93.jpeg,https://msk.etagi.com/realty/12041833/
12011637.0,21443729,53.8,2,False,16,16.0,2025.0,станция Перово,700.0,11.0,"Москва, Новогиреево, Кусковская 12/1",Не указано,https://cdn.esoft.digital/content/cluster/ecoobjects26/03/2d/f023bff468ffbc2938dbcc2687faba5936812e2d.jpeg,https://msk.etagi.com/realty/12011637/
11998500.0,24500000,46.3,1,False,17,57.0,2027.0,метро Беломорская,1100.0,17.0,"Москва, Левобережный, Ленинградское шоссе 57с2",Не указано,https://cdn.esoft.digital/content/cluster/ecoobjects26/03/29/12872427729638f903da415693fe2ef1bc834729.jpeg,https://msk.etagi.com/realty/11998500/
11994637.0,11780000,23.9,1,False,17,24.0,2025.0,метро Боровское шоссе,700.0,11.0,"Москва, Солнцево, Производственная 19 корпус 1",Не указано,https://cdn.esoft.digital/content/cluster/ecoobjects26/03/a0/394e42334f0dbc880cc865628517d0139bea01a0.jpeg,https://msk.etagi.com/realty/11994637/
11970332.0,26000000,62.0,2,False,2,26.0,2025.0,метро Верхние Лихоборы,300.0,5.0,"Москва, Западное Дегунино, Дмитровское шоссе 73бк1",Не указано,https://cdn.esoft.digital/content/cluster/ecoobjects26/03/50/e0ab1a2a1ad0b623facb5b886777c1226c4f7350.jpeg,https://msk.etagi.com/realty/11970332/
11932767.0,50000000,87.4,3,False,29,55.0,2025.0,станция Марьина Роща,500.0,8.0,"Москва, Марьина Роща, 4-я улица Марьиной Рощи 10 корпус 3",Не указано,https://cdn.esoft.digital/content/cluster/ecoobjects26/03/ff/fb244c3cb291c04e09795c98de466c0a712aafff.jpeg,https://msk.etagi.com/realty/11932767/
11909639.0,16000000,50.2,2,False,18,23.0,2026.0,,,,"Москва, Куркино, Куркинское шоссе 15",Не указано,https://cdn.esoft.digital/content/cluster/ecoobjects26/02/24/6d8152c178607fea2e8c2b0f42c32e1bd5b60824.jpeg,https://msk.etagi.com/realty/11909639/
11905060.0,16900000,42.0,1,False,11,31.0,2026.0,станция Бульвар Рокоссовского,1100.0,17.0,"Москва, Метрогородок, Тагильская 6/1 корпус 2",Не указано,https://cdn.esoft.digital/content/cluster/ecoobjects26/02/c7/0f99462acf3b5e5da2caab3146e26039fe8968c7.jpeg,https://msk.etagi.com/realty/11905060/
11894600.0,28190000,37.7,0,True,8,22.0,2026.0,станция Савёловская,700.0,11.0,"Москва, Марьина Роща, Полковая 1 корпус 1",Не указано,https://cdn.esoft.digital/content/cluster/ecoobjects26/02/26/f6288187f6758cfe35bc7a89547938be79877e26.jpeg,https://msk.etagi.com/realty/11894600/
11883669.0,18540000,38.6,1,False,2,16.0,2025.0,метро Бунинская аллея,1100.0,17.0,"Москва, Сосенское, Бартеневская 18 корпус 1",Не указано,https://cdn.esoft.digital/content/cluster/ecoobjects26/02/cd/e18dc0ac5e6c3e97859eb714941ed4259d585ecd.jpeg,https://msk.etagi.com/realty/11883669/
11870383.0,26500000,42.6,2,False,5,23.0,2026.0,метро Кунцевская,800.0,12.0,"Москва, Кунцево, Ивана Франко 20 корпус 2",Не указано,https://cdn.esoft.digital/content/cluster/ecoobjects26/02/99/964bada241d20ea64c0053d5829b05a19809a399.jpeg,https://msk.etagi.com/realty/11870383/
11876523.0,14500000,29.9,0,True,22,29.0,2025.0,метро Новые Черёмушки,900.0,14.0,"Москва, Черёмушки, Намёткина вл10",Не указано,https://cdn.esoft.digital/content/cluster/ecoobjects26/02/89/2b3fb2a31954823704e7b797de563281babc4589.png,https://msk.etagi.com/realty/11876523/
11860119.0,17900000,36.8,1,False,23,30.0,2025.0,метро Дубровка,300.0,5.0,"Москва, Южнопортовый, Новоостаповская 16 корпус 1",Не указано,https://cdn.esoft.digital/content/cluster/ecoobjects26/02/33/98f9d46c2e29502940d1460c06504af83b4e4233.jpeg,https://msk.etagi.com/realty/11860119/
11778740.0,14950000,36.3,1,False,11,12.0,2025.0,станция Калитники,500.0,8.0,"Москва, Нижегородский, Автомобильный проезд 4с4",Не указано,https://cdn.esoft.digital/content/cluster/ecoobjects26/02/7d/ba1e7432f30b307326ad97f92ccfc3bb580fba7d.jpeg,https://msk.etagi.com/realty/11778740/
11770041.0,18500000,24.0,0,True,10,17.0,2025.0,метро Серпуховская,1300.0,20.0,"Москва, Даниловский, Дубининская 59 корпус 5",Не указано,https://cdn.esoft.digital/content/cluster/ecoobjects26/02/62/54a1d69d0c4045a0181788f9c7a35ad3207d2662.jpeg,https://msk.etagi.com/realty/11770041/
11758893.0,37600000,57.0,2,False,19,40.0,2027.0,станция Беговая,200.0,3.0,"Москва, Хорошёвский, 3-й Хорошёвский проезд 6с",Не указано,https://cdn.esoft.digital/content/cluster/ecoobjects26/02/bb/6dac65af35a382e4bfa525b238379214e7c38bbb.jpeg,https://msk.etagi.com/realty/11758893/
10967035.0,12300000,19.7,0,True,10,24.0,2026.0,станция Новохохловская,600.0,9.0,"Москва, Текстильщики, 1-й Грайвороновский проезд 7ак3",Не указано,https://cdn.esoft.digital/content/cluster/ecoobjects26/01/ee/96060e7a0e3e32dd7374990d8302192c4289a9ee.jpeg,https://msk.etagi.com/realty/10967035/
10958283.0,17000000,22.6,0,True,4,25.0,2025.0,метро Павелецкая,600.0,9.0,"Москва, Замоскворечье, Летниковская 6 корпус 1",Не указано,https://cdn.esoft.digital/content/cluster/ecoobjects26/01/a8/37ae20e096d5543a6199e544e72619ab8527a3a8.jpeg,https://msk.etagi.com/realty/10958283/
10905894.0,23700000,59.6,2,False,3,19.0,2026.0,метро Солнцево,700.0,11.0,"Москва, Солнцево, Производственная 12 корпус 2",Не указано,https://cdn.esoft.digital/content/cluster/ecoobjects26/01/6e/eaeb43589c6382de69b8c4314fc7474e375b126e.jpeg,https://msk.etagi.com/realty/10905894/
10864305.0,23500000,47.0,1,False,15,24.0,2025.0,метро Фонвизинская,500.0,8.0,"Москва, Бутырский, Огородный проезд 20",Не указано,https://cdn.esoft.digital/content/cluster/ecoobjects26/01/b3/e8284d8fe94c40443839a23e8db069aa91c0beb3.jpeg,https://msk.etagi.com/realty/10864305/
10860642.0,40000000,86.0,4,False,24,55.0,2025.0,станция Марьина Роща,400.0,6.0,"Москва, Марьина Роща, 4-я улица Марьиной Рощи 12с9",Не указано,https://cdn.esoft.digital/content/cluster/ecoobjects26/01/84/56a6c967a58c4d00b7f6b79462ea02bef1dcc884.png,https://msk.etagi.com/realty/10860642/
10735766.0,19800000,46.71,1,False,7,30.0,2028.0,метро Печатники,1300.0,20.0,"Москва, Печатники, Южнопортовая 21с52",Не указано,https://cdn.esoft.digital/content/cluster/ecoobjects25/12/49/4f0a5cdbb0b3f8fec68307bb8141dd3cf6488749.jpeg,https://msk.etagi.com/realty/10735766/
10734114.0,13700000,34.0,1,False,19,24.0,2026.0,станция Новопеределкино,400.0,6.0,"Москва, Солнцево, Производственная 25с1",Не указано,https://cdn.esoft.digital/content/cluster/ecoobjects25/12/cb/170b8ebc297bb0eda841ee0091bd9c49d1a4aecb.jpeg,https://msk.etagi.com/realty/10734114/
10659500.0,16580000,42.3,1,False,10,24.0,2026.0,станция Бульвар Рокоссовского,1000.0,15.0,"Москва, Метрогородок, Тагильская 6/5",Не указано,https://cdn.esoft.digital/content/cluster/ecoobjects25/12/be/dc5e30f80014cefb7d8fa014fba8a1c5c00dd0be.png,https://msk.etagi.com/realty/10659500/
10623303.0,39000000,42.8,2,False,9,45.0,2026.0,станция Фили,400.0,6.0,"Москва, Дорогомилово, Кутузовский проезд 16а",Не указано,https://cdn.esoft.digital/content/cluster/ecoobjects/d3/3f/a7a038a3b4e4a9b0c33679345a984f07d7003fd3.jpeg,https://msk.etagi.com/realty/10623303/
10536241.0,39000000,56.1,3,False,26,28.0,2026.0,станция Зорге,300.0,5.0,"Москва, Хорошёвский, Зорге 24с4",Не указано,https://cdn.esoft.digital/content/cluster/ecoobjects/3c/fc/c591d8199622323394ab3d43a06e0cad6d58fc3c.jpeg,https://msk.etagi.com/realty/10536241/
10530854.0,14500000,53.88,2,False,16,16.0,2025.0,станция Новоподрезково,900.0,14.0,"Москва, ЖК Молжаниново, Ленинградское шоссе 229бк2",Не указано,https://cdn.esoft.digital/content/cluster/ecoobjects/fc/89/46f89b4408c5e742e13ca02f2373739ee09789fc.jpeg,https://msk.etagi.com/realty/10530854/
10461163.0,17000000,38.7,1,False,22,40.0,2027.0,станция Новохохловская,900.0,14.0,"Москва, Текстильщики, 1-й Грайвороновский проезд 2/2",Не указано,https://cdn.esoft.digital/content/cluster/ecoobjects/85/d1/fc672a0dadd16c5ab8b41460a7f2ceeef2a1d185.jpeg,https://msk.etagi.com/realty/10461163/
10377096.0,74000000,68.1,2,False,7,9.0,2025.0,станция Хорошёво,1200.0,18.0,"Москва, Хорошёво-Мнёвники, Шелепихинская набережная 38 корпус 8",Не указано,https://cdn.esoft.digital/content/cluster/ecoobjects/94/9c/8f3036d29f5120dcb6508cf9928a5827b4e29c94.jpeg,https://msk.etagi.com/realty/10377096/
10365070.0,34800000,44.0,0,True,12,28.0,2025.0,станция Останкино,300.0,5.0,"Москва, Марфино, Академика Королёва 21кк21",Не указано,https://cdn.esoft.digital/content/cluster/ecoobjects/c5/a3/40697a1a347a0149fb28c61f2acab20fee81a3c5.jpeg,https://msk.etagi.com/realty/10365070/
10225633.0,16700000,24.6,0,True,8,29.0,2026.0,метро Печатники,900.0,14.0,"Москва, Печатники, Южнопортовая 42 с4",Не указано,https://cdn.esoft.digital/content/cluster/ecoobjects/d6/f9/83285f7fa3e5afdbf88e3378ae3a74a3fb05f9d6.jpeg,https://msk.etagi.com/realty/10225633/
9943091.0,13700000,23.6,0,True,28,33.0,2025.0,метро Бутырская,500.0,8.0,"Москва, Бутырский, Добролюбова 8 корпус 1",Не указано,https://cdn.esoft.digital/content/cluster/ecoobjects/3b/af/a9aa573a5a1dd561828ef054ed81ee538a72af3b.jpeg,https://msk.etagi.com/realty/9943091/
9768299.0,24880000,50.9,2,False,2,30.0,2025.0,,,,"Москва, Очаково-Матвеевское, Озёрная 42с7",Не указано,https://cdn.esoft.digital/content/cluster/ecoobjects/6a/a4/99a87d37c3ffc88390e58800c47fd8906904a46a.jpeg,https://msk.etagi.com/realty/9768299/
9694869.0,11880000,32.2,1,False,14,32.0,2026.0,метро Пятницкое шоссе,1600.0,24.0,"Москва, Митино, Муравская 38бк2",Не указано,https://cdn.esoft.digital/content/cluster/ecoobjects/70/47/461c0d5641145cc68ee1216f04b42f420dbf4770.jpeg,https://msk.etagi.com/realty/9694869/
9580937.0,36500000,65.0,2,False,34,49.0,2025.0,станция Дмитровская,500.0,8.0,"Москва, Савёловский, 2-я Хуторская вл34кс",Не указано,https://cdn.esoft.digital/content/cluster/ecoobjects/c5/f6/e470662ff4a262d00d169852c716b7ffc433f6c5.jpeg,https://msk.etagi.com/realty/9580937/
7645799.0,19000000,42.8,1,False,26,28.0,2025.0,метро Тушинская,1500.0,23.0,"Москва, Покровское-Стрешнево, Строительный проезд 9 корпус 1",Не указано,https://cdn.esoft.digital/content/cluster/ecoobjects/e8/91/fac45723cb407cbdc1200ab4abc379a4a7ec91e8.jpeg,https://msk.etagi.com/realty/7645799/
9672928.0,23500000,47.0,1,False,26,34.0,2025.0,метро Воронцовская,500.0,8.0,"Москва, Обручевский, Архитектора Власова 71 корпус 1",Не указано,https://cdn.esoft.digital/content/cluster/ecoobjects/81/ae/6ec74a3d607109954d44b66e923ffb1fe951ae81.png,https://msk.etagi.com/realty/9672928/
11707111.0,10950000,22.6,0,True,27,33.0,2026.0,станция Лихоборы,1300.0,20.0,"Москва, Западное Дегунино, Ильменский проезд 4 корпус 1",Не указано,https://cdn.esoft.digital/content/cluster/ecoobjects/9d/2a904aedbb32365e98502d9b1f59d7f24cd99a9d.png,https://msk.etagi.com/realty/11707111/
947972.0,19500000,27.3,0,True,3,29.0,2026.0,станция Аминьевская,200.0,3.0,"Москва, Раменки, Мосфильмовская 100",Не указано,https://cdn.esoft.digital/content/cluster/ecoobjects/4b/47c0967fce4faa98dbb0776351e9079d6e0c594b.jpeg,https://msk.etagi.com/realty/947972/
844925.0,11500000,38.51,2,False,18,21.0,2025.0,станция Калитники,500.0,8.0,"Москва, Нижегородский, Автомобильный проезд 4 корпус 2кв6006",Не указано,https://cdn.esoft.digital/content/cluster/ecoobjects/3e/afd8479a11d678a66bcbe1e0915c2cf4c760373e.jpeg,https://msk.etagi.com/realty/844925/
5731456.0,25500000,40.0,2,False,28,53.0,2026.0,станция Трикотажная,500.0,8.0,"Москва, Покровское-Стрешнево, Волоколамское шоссе 95/1",Не указано,https://cdn.esoft.digital/content/cluster/ecoobjects/b2/f3/1da2f40217c35255b183622aa1b0f32fdbeff3b2.jpeg,https://msk.etagi.com/realty/5731456/
615359.0,15300000,25.78,0,True,3,30.0,2025.0,станция Покровское-Стрешнево,300.0,5.0,"Москва, Щукино, 3-й Красногорский проезд 5",Не указано,https://cdn.esoft.digital/content/cluster/photos/9a/52/9cc26c12acc44c25770e1f6d6fbe263988c4529a.jpeg,https://msk.etagi.com/realty/615359/
12162784.0,15500000,38.0,1,False,14,25.0,2026.0,,,,"Московский, Киевское шоссе 1ка",Не указано,https://cdn.esoft.digital/content/cluster/ecoobjects26/03/19/906efa48afa90c601bcf5b8e6e042f86c8051219.jpeg,https://msk.etagi.com/realty/12162784/
12137142.0,9500000,23.0,0,True,10,17.0,2025.0,,,,"Сосенское, Эдварда Грига 7",Не указано,https://cdn.esoft.digital/content/cluster/ecoobjects26/03/d3/444dcaa4a44b517c4af3b33db34ec236870524d3.jpeg,https://msk.etagi.com/realty/12137142/
12073632.0,9200000,22.7,0,True,15,20.0,2025.0,метро Прокшино,1000.0,15.0,"Сосенское, Братьев Гранат 8",Не указано,https://cdn.esoft.digital/content/cluster/ecoobjects26/03/42/9b68e0358b85ebe4d8023d072eb8e3f5b2b88642.jpeg,https://msk.etagi.com/realty/12073632/
12022446.0,15200000,36.2,1,False,4,15.0,2025.0,,,,"Сосенское, Лобановский Лес 7",Не указано,https://cdn.esoft.digital/content/cluster/ecoobjects26/03/7d/84c50966221597ca2f8e04ecd4f2689f0051ab7d.jpeg,https://msk.etagi.com/realty/12022446/
11971059.0,24750000,60.0,3,False,11,17.0,2025.0,метро Потапово,1700.0,26.0,"Сосенское, проспект Куприна 7 корпус 1",Не указано,https://cdn.esoft.digital/content/cluster/ecoobjects26/03/7d/8adf6201e39807cbfec3a21e935f9ecfcf79f57d.jpeg,https://msk.etagi.com/realty/11971059/
11883415.0,24500000,70.4,3,False,5,7.0,2025.0,метро Потапово,1800.0,27.0,"Сосенское, проспект Куприна 9 корпус 2",Не указано,https://cdn.esoft.digital/content/cluster/ecoobjects26/02/03/38511a04f7c6ef1a10cedb5211222207172bcd03.jpeg,https://msk.etagi.com/realty/11883415/
11811255.0,13350000,30.1,0,True,4,15.0,2025.0,,,,"Филимонковское, Харлампиева 32",Не указано,https://cdn.esoft.digital/content/cluster/ecoobjects26/02/93/0764ef04a9024a6baef0a1366b49db7af01cfb93.jpeg,https://msk.etagi.com/realty/11811255/
9714907.0,22900000,58.0,2,False,9,22.0,2025.0,метро Филатов Луг,600.0,9.0,"Сосенское, Большое Понизовье 8",Не указано,https://cdn.esoft.digital/content/cluster/ecoobjects26/03/18/b7c10cb7cc7d00e40a4376efc57e9c21ac7a9b18.jpeg,https://msk.etagi.com/realty/9714907/
12179786.0,33000000,84.0,3,False,24,33.0,2025.0,станция Бульвар Рокоссовского,600.0,9.0,"Москва, Метрогородок, Тагильская 2",Не указано,,https://msk.etagi.com/realty/12179786/
,15150120,38.2,2,False,29,35.0,2026.0,станция Ростокино,800.0,12.0,"Москва, Свиблово, проспект Мира 211 корпус 2",Не указано,https://cdn.esoft.digital/content/cluster/ecoobjects26/01/a8/67217bfd454dd0952142c1588a4f5457b938aaa8.jpeg,
,26603572,43.7,1,False,21,35.0,2025.0,метро Технопарк,300.0,5.0,"Москва, Даниловский, проспект Андропова 18 корпус 9",Не указано,https://cdn.esoft.digital/content/cluster/ecoobjects26/03/61/33687b209d880e8d83d83cec48d4b94ee4752b61.jpeg,
,89563320,113.93,5,False,30,30.0,2025.0,станция Покровское-Стрешнево,300.0,5.0,"Москва, 3-й Красногорский проезд 5",Не указано,https://cdn.esoft.digital/content/cluster/ecoobjects/12/27/9b9af1535df09fde9d4f53ee286d07a656e02712.jpeg,
,459395000,330.0,0,True,1,19.0,2025.0,метро Савёловская,300.0,5.0,"Москва, Беговой, Бумажный проезд 19с2",Не указано,https://cdn.esoft.digital/content/cluster/ecoobjects/f4/bd/f1940d1a661a7120a271193b68833aa53806bdf4.jpeg,
,31284110,77.31,3,False,7,10.0,2026.0,станция Трикотажная,500.0,8.0,"Москва, Покровское-Стрешнево, Волоколамское шоссе 95/1 корпус 11",Не указано,https://cdn.esoft.digital/content/cluster/ecoobjects/fc/b83827262f942c909f9e57a26f087f72e3d05cfc.jpeg,
,25703245,61.35,2,False,20,52.0,2026.0,станция Трикотажная,500.0,8.0,"Москва, Покровское-Стрешнево, Волоколамское шоссе 95/1 корпус 7",Не указано,https://cdn.esoft.digital/content/cluster/ecoobjects/f7/98fc818b2aef1ef1f58ccd6b9ff0ef34d5edadf7.jpeg,
,121814604,129.72,0,True,30,82.0,2027.0,метро Деловой центр,400.0,6.0,"Москва, Пресненский, 1-й Красногвардейский проезд",Не указано,https://cdn.esoft.digital/content/cluster/ecoobjects/bf/735706de8002d5ea2044062722b9e828a04118bf.jpeg,
,23928530,64.1,2,False,2,34.0,2025.0,станция Дегунино,1100.0,17.0,"Москва, Алтуфьевский, Алтуфьевское шоссе 53",Не указано,https://cdn.esoft.digital/content/cluster/layouts26/03/2b/e30d0851aa28b5f7c7dd6ce3b7c889f0a5adc52b.jpeg,
,37160143,47.03,1,False,57,73.0,2026.0,станция Площадь Гагарина,600.0,9.0,"Москва, Донской, 5-й Донской проезд вл21 корпус 6",Не указано,https://cdn.esoft.digital/content/cluster/layouts26/03/71/97df8e87347100e6a81abb17a8e3644824d22d71.png,
,60557040,60.4,2,False,24,32.0,2025.0,метро Павелецкая,800.0,12.0,"Москва, Даниловский, Летниковская 11 корпус 5",Не указано,https://cdn.esoft.digital/content/cluster/layouts26/03/c8/314365385aceeb6ab47f981e293d0c00f3109ec8.jpeg,
,59524000,64.05,2,False,16,33.0,2025.0,станция Белорусская,800.0,12.0,"Москва, Пресненский, Пресненский Вал 27 корпус 2/1",Не указано,https://cdn.esoft.digital/content/cluster/layouts26/03/b3/9ad5b1b88ce2e9d6bc0281b5ad295e1fca3a8bb3.png,
,30662503,40.23,1,False,24,25.0,2025.0,метро Нагатинская,300.0,5.0,"Москва, Нагатино-Садовники, Нагатинская к3вл1",Не указано,https://cdn.esoft.digital/content/cluster/layouts26/03/18/e8fc31f26575d32197565bc2b5c2e3b90e713918.jpeg,
,24228657,63.81,2,False,2,32.0,2025.0,станция Ховрино,1200.0,18.0,"Москва, Западное Дегунино, Ижорская 6 корпус 7",Не указано,https://cdn.esoft.digital/content/cluster/layouts26/03/fb/ccf096c5ce962d8d8068d3e31e46d057fdb6b7fb.jpeg,
,59388390,82.7,2,False,21,24.0,2025.0,метро Ботанический сад,600.0,9.0,"Москва, Ростокино, Сельскохозяйственная 26с11",Не указано,https://cdn.esoft.digital/content/cluster/layouts26/03/97/63d0a87a3e641e13b791e94104279e45277a1297.png,
,257919540,196.6,4,False,3,11.0,2025.0,метро Крестьянская Застава,1100.0,17.0,"Москва, Даниловский, 1-й Дербеневский переулок 3",Не указано,https://cdn.esoft.digital/content/cluster/layouts26/03/ed/7167c078064b31fb98d82e38602f3ea7a07418ed.jpeg,
,45690000,68.4,3,False,15,28.0,2025.0,метро Озёрная,300.0,5.0,"Москва, Очаково-Матвеевское, Озёрная вл42",Не указано,https://cdn.esoft.digital/content/cluster/layouts26/03/17/580114ef8845ccc44ee6d45962e93c6c00485217.jpeg,
,51652296,84.3,3,False,6,10.0,2025.0,метро Свиблово,400.0,6.0,"Москва, Свиблово, Снежная 20а",Не указано,https://cdn.esoft.digital/content/cluster/layouts26/03/52/8458e489f09f43d73e3631f4530993b5fad48c52.png,
,18649348,37.8,1,False,24,10.0,2025.0,станция Новопеределкино,600.0,9.0,"Москва, Солнцево, Производственная 19ак2",Не указано,https://cdn.esoft.digital/content/cluster/layouts26/03/8f/8c879cdfa8b1798faffd06bf5bcc07250afc4a8f.jpeg,
,724450000,291.2,7,False,3,7.0,2025.0,метро Курская,600.0,9.0,"Москва, Басманный, Подсосенский переулок 3 корпус 2",Не указано,https://cdn.esoft.digital/content/cluster/layouts26/02/27/61ae057a963d2d695648dc506886d06e304c3327.jpeg,
,30534358,32.9,0,True,7,37.0,2027.0,метро Белорусская,300.0,5.0,"Москва, Беговой, Ленинградский проспект вл8",Не указано,https://cdn.esoft.digital/content/cluster/layouts26/02/3e/51eba269d1d51e59a95bc82c7cf6ed249c96af3e.png,
,91966366,60.29,2,False,6,14.0,2026.0,метро Киевская,900.0,14.0,"Москва, Дорогомилово, Кутузовский проспект 2/1 корпус 1б",Не указано,https://cdn.esoft.digital/content/cluster/layouts26/01/c1/5bb8bfe313d38b8dcccef487467c37fd98998bc1.jpeg,
,47383235,130.9,4,False,1,17.0,2025.0,станция Электрозаводская,700.0,11.0,"Москва, Басманный, Большая Почтовая 18/20с6",Не указано,https://cdn.esoft.digital/content/cluster/layouts/4e/396503e5c7ae00562581b09b217840013beaf14e.jpeg,
,67779510,104.1,3,False,4,55.0,2025.0,станция Марьина Роща,400.0,6.0,"Москва, Марьина Роща, 4-я улица Марьиной Рощи 10 корпус 7",Не указано,https://cdn.esoft.digital/content/cluster/layouts/98/c2d1b93876cc3bfd8cd2802c4f1f1e562397bc98.jpeg,
,504590000,348.7,0,True,18,22.0,2025.0,метро Улица 1905 года,800.0,12.0,"Москва, Пресненский, Сергея Макеева вл11/9с1-10",Не указано,https://cdn.esoft.digital/content/cluster/layouts/bb/2e45d359b0b841ba5dc07ebe23f68eddfc1359bb.jpeg,
,107285330,105.2,4,False,36,45.0,2026.0,метро Нагатинский Затон,500.0,8.0,"Москва, Нагатинский Затон, Корабельная 1",Не указано,https://cdn.esoft.digital/content/cluster/layouts/5c/f429725effe7de312af706634ebc12ab30c9ad5c.jpeg,
,18522000,36.0,1,False,5,24.0,2026.0,станция Новохохловская,800.0,12.0,"Москва, Текстильщики, 1-й Грайвороновский проезд 3ак3",Не указано,https://cdn.esoft.digital/content/cluster/layouts/9c/cef4cee7d56483d9895838cda525997ea4276e9c.jpeg,
,161690236,220.8,7,False,17,19.0,2025.0,метро Академическая,200.0,3.0,"Москва, Академический, Профсоюзная вл6",Не указано,https://cdn.esoft.digital/content/cluster/layouts/8e/5962aabb89fe0896dac6ea24b035b7a75b17828e.png,
,33378800,45.5,2,False,29,34.0,2025.0,метро Воронцовская,500.0,8.0,"Москва, Обручевский, Обручева 23с3",Не указано,https://cdn.esoft.digital/content/cluster/layouts/15/19baaa7b423c7917bf3ad04f0d717dde5801ac15.jpeg,
,39199903,77.9,3,False,4,20.0,2025.0,метро Нагатинская,500.0,8.0,"Москва, Нагатино-Садовники, Варшавское шоссе 37 корпус 4",Не указано,https://cdn.esoft.digital/content/cluster/ecoobjects/14/ccfc32ea79c3c4b2741fe46c18edb1084c59be14.png,
,28800142,61.5,2,False,14,24.0,2025.0,метро Солнцево,700.0,11.0,"Москва, Солнцево, Производственная 15/2",Не указано,https://cdn.esoft.digital/content/cluster/ecoobjects/a1/854d9c6e67a5337fa088bb594c2246a7ad7eb4a1.jpeg,
,31481108,54.7,2,False,32,32.0,2025.0,метро Верхние Лихоборы,700.0,11.0,"Москва, Западное Дегунино, Ильменский проезд 2",Не указано,https://cdn.esoft.digital/content/cluster/ecoobjects/08/561684359bf9f0c57f7a09749c7e69f69a22e708.jpeg,
,20109180,58.0,3,False,14,19.0,2025.0,метро Потапово,2100.0,32.0,"Сосенское, проспект Куприна 11 корпус 2",Не указано,https://cdn.esoft.digital/content/cluster/layouts26/03/b0/ba628c94423de02467eea988e1d7c5218e3c44b0.png,
,9916452,23.4,1,False,16,19.0,2025.0,метро Бунинская аллея,2700.0,41.0,"Сосенское, проспект Куприна 11 корпус 1",Не указано,https://cdn.esoft.digital/content/cluster/layouts26/03/32/355d1ace51f692c5ee2b124db91c54df68070d32.png,
,25657344,69.6,3,False,3,9.0,2025.0,метро Потапово,1800.0,27.0,"Сосенское, проспект Куприна 9 корпус 1",Не указано,https://cdn.esoft.digital/content/cluster/layouts26/03/17/d73f5a9cbcc0106535c7e16aa8997d0e1cdba017.png,
,25578905,85.09,3,False,11,19.0,2025.0,метро Рассказовка,400.0,6.0,"Внуковское, Анны Ахматовой 11 корпус 6",Не указано,https://cdn.esoft.digital/content/cluster/layouts/78/8b855155b0d6126b3ae3101a41ea6913b9061978.png,
